"編號","篇名","譯作/原創","標籤","付費文章","作者","連結","邀請制"
"1","Sofa potato","原創","annyeongz","未見付費標示","GaryGary","https://www.asianfanfics.com/story/view/1735273","否"
"2","名簿遺失羅曼史 [譯作]","譯作","annyeongz","未見付費標示","칠척","https://www.asianfanfics.com/story/view/1730851","否"
"3","女人磁鐵 ZERO","原創","annyeongz","未見付費標示","GaryGary","https://www.asianfanfics.com/story/view/1728772","否"
"4","商業級傳奇演出 [譯作]","譯作","annyeongz","未見付費標示","박프로","https://www.asianfanfics.com/story/view/1715956","否"
"5","Hell in heaven [譯作]","譯作","annyeongz","未見付費標示","꿀구마","https://www.asianfanfics.com/story/view/1687646","否"
"6","Love me [譯作]","譯作","annyeongz","未見付費標示","JSN","https://www.asianfanfics.com/story/view/1677767","否"
"7","不會接吻的不良少女 x 沒接過吻的模範生 那之後的故事[譯作]（付費內容）","譯作","annyeongz","是","쩡우","https://www.asianfanfics.com/story/view/1674099","否"
"8","不會接吻的不良少女 x 沒接過吻的模範生 [譯作]","譯作","annyeongz","是","쩡우 (@901x831)","https://www.asianfanfics.com/story/view/1671036","否"
"9","我媽說漂亮女人都...","原創","annyeongz","未見付費標示","GaryGary","https://www.asianfanfics.com/story/view/1664863","否"
"10","草莓牛奶overnote [譯作]（付費內容）","譯作","annyeongz","是","ㅍ.,ㅍ","https://www.asianfanfics.com/story/view/1660724","否"
"11","異常理想愛情辯論 [譯作]","譯作","annyeongz","未見付費標示","이단","https://www.asianfanfics.com/story/view/1655203","否"
"12","別叫前輩，叫姐姐吧 [譯作]","譯作","annyeongz","未見付費標示","달걀","https://www.asianfanfics.com/story/view/1648515","否"
"13","灰姑娘觸發器－外傳 [譯作]（付費內容）","譯作","annyeongz","是","고래","https://www.asianfanfics.com/story/view/1648310","否"
"14","Give or take [譯作]（收費內容）","譯作","annyeongz","是","칠척","https://www.asianfanfics.com/story/view/1648300","否"
"15","Three strikes.","原創","annyeongz","未見付費標示","GaryGary","https://www.asianfanfics.com/story/view/1647327","否"
"16","滿貫全壘打 [譯作]","譯作","annyeongz","未見付費標示","파란모자（藍帽子）","https://www.asianfanfics.com/story/view/1647302","否"
"17","仙女與樵夫 [譯作]（後半部為收費章節）","譯作","annyeongz","是","플레인（Plane）","https://www.asianfanfics.com/story/view/1646459","否"
"18","戀愛捌年－後傳 [譯作]（收費內容）","譯作","annyeongz","是","달걀","https://www.asianfanfics.com/story/view/1645980","否"
"19","小心車 小心狗 小心兔子 [譯作]","譯作","annyeongz","未見付費標示","임네닉（X: @JOEJOENJOE）","https://www.asianfanfics.com/story/view/1639966","否"
"20","圖書館契約","原創","annyeongz","未見付費標示","GaryGary","https://www.asianfanfics.com/story/view/1593244","否"
"21","異性戀失格 [譯作]（收費內容）","譯作","annyeongz","是","달걀","https://www.asianfanfics.com/story/view/1637694","否"
"22","Casanova","原創","yujinxwonyoungxgaeul","未見付費標示","GaryGary","https://www.asianfanfics.com/story/view/1631182","否"
"23","全新未拆販賣中 [譯作]（收費內容）","譯作","annyeongz","是","달걀","https://www.asianfanfics.com/story/view/1628669","否"
"24","WHATEVER ! [譯作]","譯作","annyeongz","未見付費標示","톨","https://www.asianfanfics.com/story/view/1625215","否"
"25","最初的你和我 [譯作]","譯作","annyeongz","未見付費標示","박프로","https://www.asianfanfics.com/story/view/1626220","否"
"26","FLU","原創","annyeongz","未見付費標示","GaryGary","https://www.asianfanfics.com/story/view/1622868","否"
"27","Trick-or-Treat.","原創","annyeongz","未見付費標示","GaryGary","https://www.asianfanfics.com/story/view/1605133","否"
"28","Jackpot","原創","annyeongz","未見付費標示","GaryGary","https://www.asianfanfics.com/story/view/1619452","否"
"29","聖誕節願望-道德老師外傳 [譯作]（付費內容）","譯作","annyeongz","是","달걀","https://www.asianfanfics.com/story/view/1618046","否"
"30","道德老師 上、中、下、前傳[譯作]（付費內容）","譯作","annyeongz","是","달걀","https://www.asianfanfics.com/story/view/1607706","否"
"31","秘密妻子 上、中、下：辦公室妻子外傳 [譯作]（付費內容）","譯作","annyeongz","是","달걀","https://www.asianfanfics.com/story/view/1613283","否"
"32","醬油螃蟹 [譯作]","譯作","annyeongz","未見付費標示","待確認","https://www.asianfanfics.com/story/view/1608620","否"
"33","辦公室妻子 [譯作]（付費內容）","譯作","annyeongz","是","달걀","https://www.asianfanfics.com/story/view/1602041","否"
"34","建築學概論 [譯作]","譯作","annyeongz","未見付費標示","꿀구마","https://www.asianfanfics.com/story/view/1601264","否"
"35","Listen to me","原創","annyeongz","未見付費標示","GaryGary","https://www.asianfanfics.com/story/view/1599940","否"
"36","逢年過節才見面的關係 [譯作]","譯作","annyeongz","未見付費標示","달걀","https://www.asianfanfics.com/story/view/1598067","否"
"37","兼差月老","原創","annyeongz","未見付費標示","GaryGary","https://www.asianfanfics.com/story/view/1597780","否"
"38","Robot lover","原創","annyeongz","未見付費標示","GaryGary","https://www.asianfanfics.com/story/view/1597217","否"
"39","東闕.","原創","annyeongz","未見付費標示","GaryGary","https://www.asianfanfics.com/story/view/1595217","否"
"40","大田西區文化中心 [譯作]","譯作","annyeongz","未見付費標示","달걀","https://www.asianfanfics.com/story/view/1587855","否"
"41","女人磁鐵 [譯作]","譯作","annyeongz","未見付費標示","박프로","https://www.asianfanfics.com/story/view/1569199","否"
"42","Bear with me.","原創","annyeongz","未見付費標示","GaryGary","https://www.asianfanfics.com/story/view/1581523","否"
"43","仲夏夜之夢","原創","annyeongz","未見付費標示","GaryGary","https://www.asianfanfics.com/story/view/1577478","否"
"44","Just Watching You","原創","annyeongz","未見付費標示","GaryGary","https://www.asianfanfics.com/story/view/1574122","否"
"45","不是你，是你姊姊(員瑛ver.)","原創","annyeongz","未見付費標示","GaryGary","https://www.asianfanfics.com/story/view/1566734","否"
"46","酒窩殺手","原創","annyeongz","未見付費標示","GaryGary","https://www.asianfanfics.com/story/view/1565348","否"
"47","Chasing cars","原創","annyeongz","未見付費標示","GaryGary","https://www.asianfanfics.com/story/view/1562360","否"
"48","人人ㄇ","原創","abo","未見付費標示","GaryGary","https://www.asianfanfics.com/story/view/1559792","否"
"49","你好，巴黎","原創","annyeongz","未見付費標示","GaryGary","https://www.asianfanfics.com/story/view/1554656","否"
"50","西博戀人 [譯作]","譯作","annyeongz","未見付費標示","박프로","https://www.asianfanfics.com/story/view/1556585","否"
"51","Off the record","原創","annyeongz、otr","未見付費標示","GaryGary","https://www.asianfanfics.com/story/view/1553883","否"
"52","eyes on me","原創","annyeongz","未見付費標示","GaryGary","https://www.asianfanfics.com/story/view/1553887","否"
"53","道德老師 上、中、下、前傳（傳送門內）","譯作","annyeongz","是","달걀","https://www.asianfanfics.com/story/view/1607994","是"
"54","不會接吻的不良少女 x 沒接過吻的模範生 那之後的故事 [譯作]（傳送門內）","譯作","annyeongz","是","쩡우","https://www.asianfanfics.com/story/view/1672784","是"
"55","草莓牛奶overnote [譯作]（傳送門內）","譯作","annyeongz","是","ㅍ.,ㅍ","https://www.asianfanfics.com/story/view/1660729","是"
"56","灰姑娘觸發器－外傳（傳送門內）","譯作","annyeongz","是","고래","https://www.asianfanfics.com/story/view/1648342","是"
"57","Give or take [譯作]（傳送門內）","譯作","annyeongz","是","칠척","https://www.asianfanfics.com/story/view/1648307","是"
"58","仙女與樵夫 [譯作]（傳送門內）","譯作","annyeongz","是","플레인（Plain）","https://www.asianfanfics.com/story/view/1646460","是"
"59","戀愛捌年－後傳（傳送門內）","譯作","annyeongz","是","달걀","https://www.asianfanfics.com/story/view/1645983","是"
"60","異性戀失格 [譯作]（傳送門內）","譯作","annyeongz","是","달걀","https://www.asianfanfics.com/story/view/1637695","是"
"61","全新未拆販售中 [譯作]（傳送門內）","譯作","annyeongz","是","달걀","https://www.asianfanfics.com/story/view/1628666","是"
"62","秘密妻子 上、中、下：辦公室妻子外傳（傳送門內）","譯作","annyeongz","是","달걀","https://www.asianfanfics.com/story/view/1613286","是"
"63","聖誕節願望：道德老師外傳（傳送門內）","譯作","annyeongz","是","달걀","https://www.asianfanfics.com/story/view/1614558","是"
"64","辦公室妻子（傳送門內）","譯作","annyeongz","是","달걀","https://www.asianfanfics.com/story/view/1599866","是"
"65","COCO","不公開","草稿","未見付費標示","GaryGary","https://www.asianfanfics.com/story/view/1736800","是"
